Lignite,Coal,Gas,WindOnshore,WindOffshore,PVGround,PVRoof
1181.0859351713862,0.0,3261.9553526226246,14563.210227272728,0.0,3465.480884666335,0.0
