Lignite,Coal,Gas,WindOnshore,WindOffshore,PVGround,PVRoof
16693.73065230246,0.0,6492.721771611239,29778.284943853414,-2.2873797169913723e-12,2600.857680491094,0.0
