PumpedStor,BatteryStor
6782.18158405184,-4.678120668774257e-10
