PumpedStor,BatteryStor
3015.7591957172685,0.0
6568.5208064646595,0.0
7880.31911080719,0.0
4958.745572337626,0.0
0.0,0.0
0.0,0.0
0.0,0.0
0.0,0.0
0.0,0.0
0.0,0.0
0.0,0.0
0.0,0.0
8170.005007066136,0.0
8170.005007066136,0.0
4523.365450360827,0.0
1085.6077080865984,0.0
0.0,0.0
0.0,0.0
142.9290063341614,0.0
0.0,0.0
0.0,0.0
0.0,0.0
0.0,0.0
0.0,0.0
