PumpedStor,BatteryStor
0.0,0.0
0.0,0.0
0.0,0.0
0.0,0.0
0.0,0.0
0.0,0.0
1809.8231496214903,0.0
2777.671251708138,0.0
4335.001406408814,0.0
5827.2691643647595,0.0
0.0,0.0
0.0,0.0
0.0,0.0
0.0,0.0
0.0,0.0
0.0,0.0
0.0,0.0
0.0,0.0
0.0,0.0
0.0,0.0
0.0,0.0
2512.4824279589266,0.0
8170.005007066136,0.0
6107.36582094947,0.0
