PumpedStor,BatteryStor
0.0,0.0
4992.075812913141,0.0
10981.118337126605,0.0
14749.764972103201,0.0
14749.764972103201,0.0
14749.764972103201,0.0
12939.941822481711,0.0
10162.270570773573,0.0
5827.2691643647595,0.0
0.0,0.0
0.0,0.0
0.0,0.0
6209.203805370264,0.0
12418.407610740527,0.0
15856.165353014756,0.0
16681.22721116057,0.0
16681.22721116057,0.0
16681.22721116057,0.0
16789.853255974533,0.0
16789.853255974533,0.0
16789.853255974533,0.0
14277.370828015606,0.0
6107.36582094947,0.0
0.0,0.0
