Lignite,Coal,Gas,WindOnshore,WindOffshore,PVGround,PVRoof
0.0,0.0,55188.536835749466,147375.80726016275,18704.412629220085,86152.87716684042,0.0
