Lignite,Coal,Gas,WindOnshore,WindOffshore,PVGround,PVRoof
0.0,0.0,53093.13253683113,20017.056634344834,43038.645936107074,7957.1896964783045,0.0
