Lignite,Coal,Gas,WindOnshore,WindOffshore,PVGround,PVRoof
7751.560978475327,0.0,13670.064000383896,124508.5714,0.0,223782.5166,0.0
