Lignite,Coal,Gas,WindOnshore,WindOffshore,PVGround,PVRoof
25230.7275454091,0.0,13280.375104149307,53319.44675887352,0.0,0.0,0.0
