Lignite,Coal,Gas,WindOnshore,WindOffshore,PVGround,PVRoof
0.0,0.0,15172.002679462732,81427.37001773834,0.0,108256.35351891906,0.0
