Lignite,Coal,Gas,WindOnshore,WindOffshore,PVGround,PVRoof
23413.601844734818,0.0,14496.600307455803,64166.026133743275,0.0,0.0,0.0
