Lignite,Coal,Gas,WindOnshore,WindOffshore,PVGround,PVRoof
21993.613800456802,0.0,44795.549217062224,98118.68488613161,0.0,35819.869889266716,0.0
