Lignite,Coal,Gas,WindOnshore,WindOffshore,PVGround,PVRoof
18110.42879529171,0.0,15307.012880264989,60835.00763987279,0.0,37716.243045586714,0.0
