Lignite,Coal,Gas,WindOnshore,WindOffshore,PVGround,PVRoof
50289.76217557442,0.0,18596.98782442558,0.0,0.0,55945.63,0.0
