Lignite,Coal,Gas,WindOnshore,WindOffshore,PVGround,PVRoof
58992.55278838293,0.0,15425.32215657259,0.0,0.0,55945.63,0.0
