Lignite,Coal,Gas,WindOnshore,WindOffshore,PVGround,PVRoof
21750.615998499234,0.0,44710.507499672196,97906.94550586613,0.0,60554.7042901636,0.0
