Lignite,Coal,Gas,WindOnshore,WindOffshore,PVGround,PVRoof
31014.061834374814,0.0,21865.841667393695,47651.42856,0.0,0.0,0.0
