Lignite,Coal,Gas,WindOnshore,WindOffshore,PVGround,PVRoof
2727.3385223182026,0.0,20099.286984977185,124508.5714,0.0,79466.85773258521,0.0
