Lignite,Coal,Gas,WindOnshore,WindOffshore,PVGround,PVRoof
10725.174248451076,0.0,11157.201154459928,47651.42856,4312.089887949407,12910.5298,22059.019998600663
