Lignite,Coal,Gas,WindOnshore,WindOffshore,PVGround,PVRoof
1594.180632128233,0.0,56006.69712307247,51090.12881589295,96708.59908916894,50666.619468852216,0.0
