Lignite,Coal,Gas,WindOnshore,WindOffshore,PVGround,PVRoof
10570.181622865108,0.0,24900.872243018624,67960.50794815873,0.0,0.0,0.0
