Lignite,Coal,Gas,WindOnshore,WindOffshore,PVGround,PVRoof
11377.270921129351,0.0,17336.246621890776,56870.18348012162,0.0,45124.43633698715,0.0
