Lignite,Coal,Gas,WindOnshore,WindOffshore,PVGround,PVRoof
837.8958578143356,0.0,2267.136897767333,25965.04112808461,0.0,0.0,0.0
