Lignite,Coal,Gas,WindOnshore,WindOffshore,PVGround,PVRoof
1885.7345782073812,0.0,1886.2270210896309,6079.525483304043,0.0,0.0,0.0
