PumpedStor,BatteryStor
0.0,0.0
0.0,0.0
0.0,0.0
0.0,0.0
0.0,0.0
0.0,0.0
0.0,0.0
0.0,0.0
0.0,0.0
0.0,0.0
0.0,0.0
0.0,0.0
0.0,0.0
0.0,0.0
2978.176232790778,0.0
0.0,0.0
0.0,0.0
0.0,0.0
6931.0,0.0
6931.0,0.0
0.0,0.0
0.0,0.0
0.0,0.0
1593.2557360610517,0.0
