PumpedStor,BatteryStor
0.0,0.0
0.0,0.0
0.0,0.0
0.0,0.0
0.0,0.0
0.0,0.0
0.0,0.0
0.0,0.0
0.0,0.0
0.0,0.0
5267.56,0.0
10535.12,0.0
15802.68,0.0
18433.43196885183,0.0
15455.255736061052,0.0
15455.255736061052,0.0
15455.255736061052,0.0
15455.255736061052,0.0
8524.255736061052,0.0
1593.2557360610517,0.0
1593.2557360610517,0.0
1593.2557360610517,0.0
1593.2557360610517,0.0
0.0,0.0
