Lignite,Coal,Gas,WindOnshore,WindOffshore,PVGround,PVRoof
7747.043109164832,0.0,13598.939164680196,0.0,0.0,33697.328443021026,0.0
