Lignite,Coal,Gas,WindOnshore,WindOffshore,PVGround,PVRoof
49500.80540421793,0.0,20482.757197086583,0.0,0.0,55945.63,0.0
