Lignite,Coal,Gas,WindOnshore,WindOffshore,PVGround,PVRoof
0.0,0.0,15371.443966618126,88596.92289533238,0.0,92770.37005149327,0.0
