Lignite,Coal,Gas,WindOnshore,WindOffshore,PVGround,PVRoof
7711.168942546075,0.0,13621.42159732556,36891.43,0.0,0.0,0.0
