Lignite,Coal,Gas,WindOnshore,WindOffshore,PVGround,PVRoof
0.0,0.0,6181.241237882177,13560.154113845389,0.0,1977.7878943008766,0.0
