Lignite,Coal,Gas,WindOnshore,WindOffshore,PVGround,PVRoof
28655.503579794327,0.0,26183.428842715086,126354.03664378807,0.0,31718.996756435066,0.0
