Lignite,Coal,Gas,WindOnshore,WindOffshore,PVGround,PVRoof
64631.472993333635,0.0,11528.795829035036,0.0,0.0,12367.183579251028,0.0
