PumpedStor,BatteryStor
766.1483608475918,-2.0713736997227085e-10
