PumpedStor,BatteryStor
702.2602003636059,6.904578999075698e-11
