Lignite,Coal,Gas,WindOnshore,WindOffshore,PVGround,PVRoof
51041.237032000005,0.0,22155.185446091193,0.0,0.0,55945.63,0.0
