Lignite,Coal,Gas,WindOnshore,WindOffshore,PVGround,PVRoof
1627.6494805858301,0.0,3757.3361044998746,7028.695504087194,0.0,0.0,0.0
