Lignite,Coal,Gas,WindOnshore,WindOffshore,PVGround,PVRoof
53032.10913381987,0.0,17744.286775468918,5327.468766668587,0.0,29244.71449708956,0.0
