PumpedStor,BatteryStor
0.0,0.0
0.0,0.0
0.0,0.0
0.0,0.0
0.0,0.0
0.0,0.0
0.0,0.0
0.0,0.0
0.0,0.0
303.8852711487243,0.0
303.8852711487243,0.0
1798.485280033503,0.0
1798.485280033503,0.0
1798.485280033503,0.0
1798.485280033503,0.0
1798.485280033503,0.0
1798.485280033503,0.0
0.0,0.0
0.0,0.0
0.0,0.0
0.0,0.0
0.0,0.0
0.0,0.0
0.0,0.0
