Lignite,Coal,Gas,WindOnshore,WindOffshore,PVGround,PVRoof
34206.43250454305,0.0,31862.786604845278,169085.71,6227.561606199017,55945.63,48878.84993800165
