Lignite,Coal,Gas,WindOnshore,WindOffshore,PVGround,PVRoof
19111.814046452087,0.0,12605.66006469739,92504.72603566165,0.0,0.0,0.0
