Lignite,Coal,Gas,WindOnshore,WindOffshore,PVGround,PVRoof
877.5290905037896,0.0,2701.345965225145,7980.754941298855,0.0,0.0,0.0
