Lignite,Coal,Gas,WindOnshore,WindOffshore,PVGround,PVRoof
10209.184174986282,0.0,52911.18566280167,168926.52396111097,0.0,55945.63,62755.26882838058
