Lignite,Coal,Gas,WindOnshore,WindOffshore,PVGround,PVRoof
385.949207893274,0.0,5065.969844357976,15128.543635352973,0.0,3660.7659001536704,0.0
