Lignite,Coal,Gas,WindOnshore,WindOffshore,PVGround,PVRoof
0.0,0.0,54603.55469755266,173453.7108541429,11805.769039692044,87833.69979094782,0.0
