Lignite,Coal,Gas,WindOnshore,WindOffshore,PVGround,PVRoof
0.0,0.0,37789.91034783669,119409.18849149294,0.0,47467.13184257942,0.0
