Lignite,Coal,Gas,WindOnshore,WindOffshore,PVGround,PVRoof
1237.9653989180924,0.0,2310.6247334763602,7873.059949429148,0.0,0.0,0.0
