Lignite,Coal,Gas,WindOnshore,WindOffshore,PVGround,PVRoof
28655.503579794706,0.0,26183.428842714944,126354.03664378765,0.0,31718.996756435357,0.0
