PumpedStor,BatteryStor
8040.890867888786,3.322854851897531e-10
