PumpedStor,BatteryStor
16375.238070841151,-1.9610343734510574e-10
