Lignite,Coal,Gas,WindOnshore,WindOffshore,PVGround,PVRoof
17963.24113515222,0.0,6046.5103513148415,29524.99077118241,0.0,0.0,0.0
