Lignite,Coal,Gas,WindOnshore,WindOffshore,PVGround,PVRoof
9688.917051000004,0.0,56211.89285826706,169085.71,0.0,55945.63,48635.0892233303
