Lignite,Coal,Gas,WindOnshore,WindOffshore,PVGround,PVRoof
8439.386588171663,0.0,33874.262641779525,117047.06782419857,0.0,35409.21966715411,0.0
