Lignite,Coal,Gas,WindOnshore,WindOffshore,PVGround,PVRoof
9997.257857227769,0.0,57982.99241628371,183567.58632281193,18163.758650099124,68787.23929891184,0.0
