Lignite,Coal,Gas,WindOnshore,WindOffshore,PVGround,PVRoof
2259.1563443525515,0.0,25911.172908556975,195217.14,5608.469700234765,33721.15610877825,0.0
