Lignite,Coal,Gas,WindOnshore,WindOffshore,PVGround,PVRoof
14478.168404932047,0.0,6836.292944313933,38406.41207810569,0.0,12910.5298,0.0
