Lignite,Coal,Gas,WindOnshore,WindOffshore,PVGround,PVRoof
14974.535782937288,0.0,36539.90965481059,47651.42856,35646.37434908068,12910.5298,25993.2
