Lignite,Coal,Gas,WindOnshore,WindOffshore,PVGround,PVRoof
50411.03908455937,0.0,21417.66601376565,0.0,0.0,52348.75637537121,0.0
