Lignite,Coal,Gas,WindOnshore,WindOffshore,PVGround,PVRoof
13227.991455529711,0.0,49677.38299054391,169085.71,4086.5046743556604,55945.63,71118.97184511797
