Lignite,Coal,Gas,WindOnshore,WindOffshore,PVGround,PVRoof
30953.22121538747,0.0,22916.744621811235,47651.42856,0.0,11698.460761499173,0.0
