Lignite,Coal,Gas,WindOnshore,WindOffshore,PVGround,PVRoof
11523.680663838733,0.0,11118.426756160197,47651.42856,5468.844407714291,12910.5298,20081.755299503297
