Lignite,Coal,Gas,WindOnshore,WindOffshore,PVGround,PVRoof
14720.014617593319,0.0,25755.95154251666,62900.02610284521,0.0,0.0,0.0
