PumpedStor,BatteryStor
0.0,0.0
0.0,0.0
0.0,0.0
0.0,0.0
0.0,0.0
0.0,0.0
0.0,0.0
0.0,0.0
0.0,0.0
0.0,0.0
52.25137992526717,0.0
2245.196812325217,0.0
4047.635142127906,0.0
6500.915142127906,0.0
6500.915142127906,0.0
6500.915142127906,0.0
6500.915142127906,0.0
3272.9151421279057,0.0
44.91514212790571,0.0
0.0,0.0
0.0,0.0
0.0,0.0
0.0,0.0
0.0,0.0
