PumpedStor,BatteryStor
0.0,0.0
2193.277433015632,0.0
0.0,0.0
0.0,0.0
0.0,0.0
1832.889511504702,0.0
0.0,0.0
0.0,0.0
0.0,0.0
0.0,0.0
0.0,0.0
2193.277433015632,0.0
0.0,0.0
0.0,0.0
0.0,0.0
265.969092892316,0.0
0.0,0.0
0.0,0.0
0.0,0.0
0.0,0.0
0.0,0.0
0.0,0.0
0.0,0.0
0.0,0.0
