PumpedStor,BatteryStor
0.0,0.0
1666.8908490918805,0.0
1666.8908490918805,0.0
1666.8908490918805,0.0
1666.8908490918805,0.0
3059.886877835454,0.0
2193.277433015632,0.0
0.0,0.0
0.0,0.0
0.0,0.0
0.0,0.0
1666.8908490918805,0.0
1666.8908490918805,0.0
1666.8908490918805,0.0
1666.8908490918805,0.0
1869.0273596900406,0.0
1869.0273596900406,0.0
751.4158822123263,0.0
0.0,0.0
0.0,0.0
0.0,0.0
0.0,0.0
0.0,0.0
0.0,0.0
