Lignite,Coal,Gas,WindOnshore,WindOffshore,PVGround,PVRoof
15552.300410159976,0.0,17854.283291269938,72753.41240843413,0.0,40538.35027079505,0.0
