Lignite,Coal,Gas,WindOnshore,WindOffshore,PVGround,PVRoof
0.0,0.0,48688.375048309,202749.73136830138,0.0,98830.88487922141,0.0
