Lignite,Coal,Gas,WindOnshore,WindOffshore,PVGround,PVRoof
0.0,0.0,33056.204081632655,132297.46444032158,0.0,43117.99354579417,0.0
