Lignite,Coal,Gas,WindOnshore,WindOffshore,PVGround,PVRoof
31969.503238321122,0.0,27822.05810027934,108149.69007354982,0.0,27885.717170700285,0.0
