Lignite,Coal,Gas,WindOnshore,WindOffshore,PVGround,PVRoof
21634.765386985495,0.0,2977.109936993129,11862.161281723531,0.0,0.0,0.0
