Lignite,Coal,Gas,WindOnshore,WindOffshore,PVGround,PVRoof
2119.1701312910286,0.0,1310.759226841721,8014.952589350839,0.0,0.0,0.0
