Lignite,Coal,Gas,WindOnshore,WindOffshore,PVGround,PVRoof
0.0,0.0,32843.29065587566,107064.12714470745,0.0,22776.572110322733,0.0
