PumpedStor,BatteryStor
0.0,0.0
0.0,0.0
0.0,0.0
0.0,0.0
0.0,0.0
0.0,0.0
0.0,0.0
0.0,0.0
0.0,0.0
0.0,0.0
0.0,0.0
0.0,0.0
0.0,0.0
0.0,0.0
0.0,0.0
930.6294871614455,0.0
0.0,0.0
0.0,0.0
0.0,0.0
945.111570893609,0.0
0.0,0.0
0.0,0.0
0.0,0.0
0.0,0.0
