Lignite,Coal,Gas,WindOnshore,WindOffshore,PVGround,PVRoof
20577.805920842577,0.0,14981.93264791798,47888.12772721712,0.0,38106.31172165083,0.0
