Lignite,Coal,Gas,WindOnshore,WindOffshore,PVGround,PVRoof
1047.419658550727,0.0,3378.660222573192,14172.37031700288,0.0,3861.4714185718367,0.0
