Lignite,Coal,Gas,WindOnshore,WindOffshore,PVGround,PVRoof
19472.251731035543,0.0,12027.111401754115,67079.5507001077,0.0,0.0,0.0
