Lignite,Coal,Gas,WindOnshore,WindOffshore,PVGround,PVRoof
29142.13524772036,0.0,19174.623335841385,0.0,54370.182155670445,35134.82179778128,0.0
