Lignite,Coal,Gas,WindOnshore,WindOffshore,PVGround,PVRoof
15648.31471359028,0.0,44780.87108936116,164578.36390900036,0.0,55945.63,75140.48158052073
