Lignite,Coal,Gas,WindOnshore,WindOffshore,PVGround,PVRoof
2294.4956507801176,0.0,1180.1053941050368,5966.898942894966,0.0,-6.576038327586342e-12,0.0
