PumpedStor,BatteryStor
7.267420688460531e-7,-1.085327068338136e-8
