PumpedStor,BatteryStor
5.789929705873992e-6,-5.1976739782952975e-8
