Lignite,Coal,Gas,WindOnshore,WindOffshore,PVGround,PVRoof
5845.0487476546905,0.0,18052.57098566036,113083.91605279702,0.0,50321.78059632399,0.0
