Lignite,Coal,Gas,WindOnshore,WindOffshore,PVGround,PVRoof
0.0,0.0,14606.029251801167,94153.80362464747,0.0,87355.53565066887,0.0
