Lignite,Coal,Gas,WindOnshore,WindOffshore,PVGround,PVRoof
14336.428465306017,0.0,49791.05042090957,169085.71,0.0,55945.63,77121.48989334429
