Lignite,Coal,Gas,WindOnshore,WindOffshore,PVGround,PVRoof
11484.35935430508,0.0,17374.304917209593,47651.42856,4751.70591467201,12910.5298,23237.302886393616
