Lignite,Coal,Gas,WindOnshore,WindOffshore,PVGround,PVRoof
0.0,0.0,44693.51702046496,157641.7606238993,27170.552310961382,91234.77752979356,0.0
