PumpedStor,BatteryStor
0.0,0.0
0.0,0.0
0.0,0.0
0.0,0.0
0.0,0.0
0.0,0.0
0.0,0.0
0.0,0.0
0.0,0.0
0.0,0.0
4566.03128931979,0.0
10775.235094690053,0.0
15461.803949162642,0.0
16586.580474236063,0.0
16856.526840253686,0.0
16921.313968097915,0.0
16936.86287878053,0.0
16936.86287878053,0.0
13847.437715393044,0.0
9209.266945283049,0.0
1039.2619382169123,0.0
1039.2619382169123,0.0
1039.2619382169123,0.0
0.0,0.0
