PumpedStor,BatteryStor
0.0,0.0
0.0,0.0
0.0,0.0
0.0,0.0
0.0,0.0
0.0,0.0
0.0,0.0
0.0,0.0
0.0,0.0
0.0,0.0
6007.935906999724,0.0
8170.005007066136,0.0
6166.537966411301,0.0
1479.9691119387116,0.0
355.19258686529065,0.0
85.24622084766816,0.0
20.45909300344036,0.0
0.0,0.0
0.0,0.0
0.0,0.0
0.0,0.0
0.0,0.0
0.0,0.0
0.0,0.0
