Lignite,Coal,Gas,WindOnshore,WindOffshore,PVGround,PVRoof
23855.395319054172,0.0,26508.804165985934,144437.84419342864,0.0,43497.78887104233,0.0
