Lignite,Coal,Gas,WindOnshore,WindOffshore,PVGround,PVRoof
32846.135059113374,0.0,18839.632345722814,47651.42856,0.0,12910.5298,0.0
