Lignite,Coal,Gas,WindOnshore,WindOffshore,PVGround,PVRoof
2379.103863592901,0.0,1091.805873198879,6119.432363976035,0.0,0.0,0.0
