Lignite,Coal,Gas,WindOnshore,WindOffshore,PVGround,PVRoof
2294.495644599303,0.0,1180.1054006968639,5966.898954703833,0.0,0.0,0.0
