Lignite,Coal,Gas,WindOnshore,WindOffshore,PVGround,PVRoof
0.0,0.0,36723.895692893115,100790.70287504613,0.0,40562.47044504512,0.0
