Lignite,Coal,Gas,WindOnshore,WindOffshore,PVGround,PVRoof
66846.60823402474,0.0,6210.955191957515,0.0,0.0,3654.2040064859943,0.0
