Lignite,Coal,Gas,WindOnshore,WindOffshore,PVGround,PVRoof
8525.279251128915,0.0,19205.264572962125,65319.99243801884,0.0,44353.32493359534,0.0
