PumpedStor,BatteryStor
0.0,0.0
0.0,0.0
0.0,0.0
0.0,0.0
0.0,0.0
0.0,0.0
0.0,0.0
0.0,0.0
0.0,0.0
0.0,0.0
0.0,0.0
1012.389825316363,0.0
4966.3831735154745,0.0
10378.000444290232,0.0
15366.467633066684,0.0
15366.467633066684,0.0
15366.467633066684,0.0
12428.373577458155,0.0
12428.373577458155,0.0
4258.368570392018,0.0
4258.368570392018,0.0
3558.4423057749573,0.0
3558.4423057749573,0.0
0.0,0.0
