PumpedStor,BatteryStor
0.0,0.0
0.0,0.0
0.0,0.0
0.0,0.0
0.0,0.0
0.0,0.0
0.0,0.0
0.0,0.0
0.0,0.0
0.0,0.0
0.0,0.0
0.0,0.0
0.0,0.0
0.0,0.0
0.0,0.0
0.0,0.0
0.0,0.0
2938.0940556085297,0.0
0.0,0.0
8170.005007066136,0.0
0.0,0.0
699.926264617061,0.0
0.0,0.0
3558.4423057749573,0.0
