Lignite,Coal,Gas,WindOnshore,WindOffshore,PVGround,PVRoof
0.0,0.0,38641.24490566038,112909.43396226414,0.0,44322.06649403839,0.0
