Lignite,Coal,Gas,WindOnshore,WindOffshore,PVGround,PVRoof
32380.96940900488,0.0,34377.04542395901,169085.71,3012.2209555084733,55945.63,109055.85106832357
