Lignite,Coal,Gas,WindOnshore,WindOffshore,PVGround,PVRoof
16693.730656731466,0.0,8058.463706099808,29778.28493619008,0.0,2600.857674643551,0.0
