Lignite,Coal,Gas,WindOnshore,WindOffshore,PVGround,PVRoof
13081.238449702418,0.0,19678.306118716766,52833.81832910218,0.0,42413.72385397998,0.0
