Lignite,Coal,Gas,WindOnshore,WindOffshore,PVGround,PVRoof
19969.50996821434,0.0,27518.05265129776,47651.42856,34939.528724776545,12910.5298,25993.2
