Lignite,Coal,Gas,WindOnshore,WindOffshore,PVGround,PVRoof
66219.64191159002,0.0,9972.728294012639,0.0,0.0,2175.7419098640053,0.0
