Lignite,Coal,Gas,WindOnshore,WindOffshore,PVGround,PVRoof
12648.904406973099,0.0,23920.12910840835,24168.157618788835,75643.72133002871,76822.4383700598,0.0
