Lignite,Coal,Gas,WindOnshore,WindOffshore,PVGround,PVRoof
17093.4676772803,0.0,20936.577123256768,63787.26170059135,0.0,0.0,0.0
