PumpedStor,BatteryStor
0.0,0.0
0.0,0.0
0.0,0.0
0.0,0.0
0.0,0.0
0.0,0.0
0.0,0.0
0.0,0.0
0.0,0.0
0.0,0.0
0.0,0.0
3741.017394918965,0.0
9950.221200289228,0.0
15263.800614506443,0.0
16539.059673918575,0.0
16384.174009590748,0.0
15252.623732789896,0.0
15252.623732789896,0.0
15252.623732789896,0.0
14599.96525382972,0.0
8311.627684066985,0.0
1204.140459761511,0.0
0.0,0.0
0.0,0.0
