PumpedStor,BatteryStor
0.0,0.0
0.0,0.0
0.0,0.0
0.0,0.0
0.0,0.0
0.0,0.0
0.0,0.0
0.0,0.0
0.0,0.0
0.0,0.0
0.0,0.0
0.0,0.0
0.0,0.0
0.0,0.0
0.0,0.0
154.88566432782613,0.0
1131.5502768008519,0.0
0.0,0.0
0.0,0.0
652.6584789601766,0.0
6288.337569762734,0.0
7107.487224305474,0.0
1204.140459761511,0.0
0.0,0.0
