Lignite,Coal,Gas,WindOnshore,WindOffshore,PVGround,PVRoof
13968.938656496404,0.0,28576.789495723522,57741.30061099902,0.0,0.0,0.0
