Lignite,Coal,Gas,WindOnshore,WindOffshore,PVGround,PVRoof
7761.035648940762,0.0,13628.655263528983,66198.34682140671,0.0,0.0,0.0
