Lignite,Coal,Gas,WindOnshore,WindOffshore,PVGround,PVRoof
25933.733284039296,0.0,12870.52181261223,48027.88634203021,0.0,0.0,0.0
