Lignite,Coal,Gas,WindOnshore,WindOffshore,PVGround,PVRoof
0.0,0.0,5841.242594977462,13287.990985189956,0.0,3306.966855996899,0.0
