Lignite,Coal,Gas,WindOnshore,WindOffshore,PVGround,PVRoof
33947.438489149165,0.0,27639.54020100375,141533.61238825048,18587.59074990697,55945.63,33061.790484673904
