Lignite,Coal,Gas,WindOnshore,WindOffshore,PVGround,PVRoof
0.0,0.0,56742.960522068475,151215.4004120206,28011.7704340507,91652.96818971985,0.0
