Lignite,Coal,Gas,WindOnshore,WindOffshore,PVGround,PVRoof
25230.727545409085,0.0,13280.375104149323,53319.446758873535,0.0,0.0,0.0
