PumpedStor,BatteryStor
2454.9263456090475,-2.0524915897434866e-11
