PumpedStor,BatteryStor
7658.655390768223,-2.2039627778868622e-11
