Lignite,Coal,Gas,WindOnshore,WindOffshore,PVGround,PVRoof
5892.57327279919,0.0,13106.500328234331,47651.42856,33955.02849577894,12910.5298,25993.2
