PumpedStor,BatteryStor
0.0,0.0
0.0,0.0
0.0,0.0
0.0,0.0
0.0,0.0
0.0,0.0
0.0,0.0
0.0,0.0
0.0,0.0
0.0,0.0
0.0,0.0
683.8262265042904,0.0
0.0,0.0
0.0,0.0
0.0,0.0
0.0,0.0
2289.848575884649,0.0
3439.168995092182,0.0
3439.168995092182,0.0
0.0,0.0
0.0,0.0
0.0,0.0
0.0,0.0
0.0,0.0
