PumpedStor,BatteryStor
0.0,0.0
0.0,0.0
0.0,0.0
0.0,0.0
0.0,0.0
0.0,0.0
0.0,0.0
0.0,0.0
0.0,0.0
0.0,0.0
1233.8496721824888,0.0
3163.7918819482557,0.0
5777.560318218314,0.0
8391.328754488371,0.0
9018.633179193186,0.0
9168.186566069013,0.0
6878.337990184364,0.0
3439.168995092182,0.0
0.0,0.0
0.0,0.0
0.0,0.0
0.0,0.0
0.0,0.0
0.0,0.0
