Lignite,Coal,Gas,WindOnshore,WindOffshore,PVGround,PVRoof
15663.357206405693,0.0,24484.443631341022,63266.60735468565,0.0,0.0,0.0
