Lignite,Coal,Gas,WindOnshore,WindOffshore,PVGround,PVRoof
17336.65323760654,0.0,36287.24689786851,47651.42856,43568.084010476516,12910.5298,25993.2
