Lignite,Coal,Gas,WindOnshore,WindOffshore,PVGround,PVRoof
18110.42879529168,0.0,15307.01288026499,60835.00763987282,0.0,37716.243045586816,0.0
