PumpedStor,BatteryStor
13461.847254317643,-2.113403127900761e-11
