PumpedStor,BatteryStor
4361.98616183432,-2.5557023903809258e-12
