Lignite,Coal,Gas,WindOnshore,WindOffshore,PVGround,PVRoof
16149.579350821645,0.0,37692.69783044677,47651.42856,36411.58731686225,12910.5298,25993.2
