Lignite,Coal,Gas,WindOnshore,WindOffshore,PVGround,PVRoof
32878.66116862715,0.0,17169.58487797898,47651.42856,0.0,12910.5298,0.0
