Lignite,Coal,Gas,WindOnshore,WindOffshore,PVGround,PVRoof
21065.93400733852,0.0,37264.69304978484,100964.32336187176,0.0,59804.56542700896,0.0
