Lignite,Coal,Gas,WindOnshore,WindOffshore,PVGround,PVRoof
16991.29678462226,0.0,34592.05436055941,114252.9692708187,29538.08067174081,42632.00347443547,0.0
