Lignite,Coal,Gas,WindOnshore,WindOffshore,PVGround,PVRoof
21067.07285827413,0.0,42710.17173258767,95404.12783272275,0.0,50195.48201819086,0.0
