Lignite,Coal,Gas,WindOnshore,WindOffshore,PVGround,PVRoof
0.0,0.0,3322.4874279592987,16722.686890112676,0.0,4720.727646455533,0.0
