Country,WindOffshore,WindOnshore,PVGround,PVRoof
DK,490419,36891.43,10041.52318,13646.43
FR,389813,276685.71,142015.8278,226574.06
DE,267386,169085.71,55945.62914,206212.72
LU,595458,47651.43,12910.5298,25993.2
IB,93096,124508.57,223782.5166,223974.74
UK,1358428,195217.14,210871.9868,114803.3