Lignite,Coal,Gas,WindOnshore,WindOffshore,PVGround,PVRoof
0.0,0.0,15940.65491787402,78994.8852076585,0.0,112229.59029039762,0.0
