Lignite,Coal,Gas,WindOnshore,WindOffshore,PVGround,PVRoof
19037.370467029104,0.0,12596.636301767874,47651.42856,0.0,0.0,0.0
