Lignite,Coal,Gas,WindOnshore,WindOffshore,PVGround,PVRoof
27165.26222252317,0.0,40068.30893110931,169085.71,13081.109182619064,55945.63,64531.53592430027
