Lignite,Coal,Gas,WindOnshore,WindOffshore,PVGround,PVRoof
32444.270803608626,0.0,21989.296787419305,47651.42856,0.0,12910.5298,0.0
