Lignite,Coal,Gas,WindOnshore,WindOffshore,PVGround,PVRoof
4794.325867050861,0.0,36467.81555529852,185842.44857133835,21323.869102972945,61478.68058029607,0.0
