Lignite,Coal,Gas,WindOnshore,WindOffshore,PVGround,PVRoof
23677.178137651823,0.0,14326.683632157317,62475.419317524575,0.0,0.0,0.0
