PumpedStor,BatteryStor
0.0,0.0
6209.203805370264,0.0
6473.259012589049,0.0
12682.462817959313,0.0
14822.534462115682,0.0
14822.534462115682,0.0
12565.379263976103,0.0
8170.005007066136,0.0
0.0,0.0
0.0,0.0
0.0,0.0
0.0,0.0
0.0,0.0
0.0,0.0
0.0,0.0
0.0,0.0
0.0,0.0
0.0,0.0
0.0,0.0
0.0,0.0
0.0,0.0
0.0,0.0
0.0,0.0
0.0,0.0
