Lignite,Coal,Gas,WindOnshore,WindOffshore,PVGround,PVRoof
13797.421578003254,0.0,15935.612360529467,46823.630127444965,0.0,48436.103289139886,0.0
