Lignite,Coal,Gas,WindOnshore,WindOffshore,PVGround,PVRoof
4807.321584271725,0.0,15944.375469875751,120595.88639607467,0.0,45229.463388889795,0.0
