Lignite,Coal,Gas,WindOnshore,WindOffshore,PVGround,PVRoof
0.0,0.0,15085.307876964647,84885.38045863507,0.0,110681.80933956275,0.0
