Lignite,Coal,Gas,WindOnshore,WindOffshore,PVGround,PVRoof
1195.1579561362576,0.0,2361.126049930005,9053.31311245917,0.0,0.0,0.0
