Lignite,Coal,Gas,WindOnshore,WindOffshore,PVGround,PVRoof
19015.772863482027,0.0,12632.699789466587,35233.8506938657,0.0,0.0,0.0
