Lignite,Coal,Gas,WindOnshore,WindOffshore,PVGround,PVRoof
18192.25597049621,0.0,8063.472796578122,57722.6082048043,0.0,37608.99634323226,0.0
