Lignite,Coal,Gas,WindOnshore,WindOffshore,PVGround,PVRoof
18808.66440772603,0.0,30150.20753907129,47651.42856,41604.561069709256,12910.5298,25993.2
