Lignite,Coal,Gas,WindOnshore,WindOffshore,PVGround,PVRoof
14350.19195889304,0.0,14497.195516455336,82115.6200018402,0.0,36158.88638656679,0.0
