Lignite,Coal,Gas,WindOnshore,WindOffshore,PVGround,PVRoof
0.0,0.0,25100.41136854944,55512.07105481179,0.0,40930.982758423816,0.0
