Lignite,Coal,Gas,WindOnshore,WindOffshore,PVGround,PVRoof
8319.724967529979,0.0,17366.19589243724,71285.39808228635,0.0,40704.57598732261,0.0
