Lignite,Coal,Gas,WindOnshore,WindOffshore,PVGround,PVRoof
0.0,0.0,5161.776509347226,15299.570946981306,0.0,4679.790965322503,0.0
