Lignite,Coal,Gas,WindOnshore,WindOffshore,PVGround,PVRoof
20016.74931956494,0.0,38094.28554656125,107982.1064396962,0.0,58798.4115936191,0.0
