Lignite,Coal,Gas,WindOnshore,WindOffshore,PVGround,PVRoof
64631.47299651568,0.0,9963.053888134828,0.0,0.0,12367.183579566201,0.0
