Lignite,Coal,Gas,WindOnshore,WindOffshore,PVGround,PVRoof
13124.144542331971,0.0,8202.381917132428,45127.548498886004,0.0,12910.5298,0.0
