Lignite,Coal,Gas,WindOnshore,WindOffshore,PVGround,PVRoof
19082.955962038603,0.0,12562.180910210143,117387.70533280441,0.0,148978.54979267198,0.0
