Lignite,Coal,Gas,WindOnshore,WindOffshore,PVGround,PVRoof
10909.791239653137,0.0,14833.538909848523,118093.85382059801,0.0,10495.347429472358,0.0
