PumpedStor,BatteryStor
5994.0,0.0
5994.0,0.0
5900.7958184215495,0.0
5370.712563571291,0.0
4019.1356187605925,0.0
0.0,0.0
0.0,0.0
0.0,0.0
0.0,0.0
0.0,0.0
135.0706347711457,0.0
0.0,0.0
0.0,0.0
0.0,0.0
0.0,0.0
0.0,0.0
0.0,0.0
0.0,0.0
0.0,0.0
0.0,0.0
0.0,0.0
0.0,0.0
0.0,0.0
0.0,0.0
