PumpedStor,BatteryStor
0.0,0.0
0.0,0.0
0.0,0.0
0.0,0.0
0.0,0.0
786.2938406479589,0.0
5994.0,0.0
5994.0,0.0
2440.0446411753655,0.0
0.0,0.0
0.0,0.0
0.0,0.0
0.0,0.0
1064.6446411753564,0.0
0.0,0.0
0.0,0.0
0.0,0.0
0.0,0.0
0.0,0.0
0.0,0.0
0.0,0.0
0.0,0.0
0.0,0.0
0.0,0.0
