PumpedStor,BatteryStor
0.0,0.0
4555.44,0.0
9040.044822000378,0.0
13121.78637031456,0.0
16176.32944057261,0.0
15390.035599924651,0.0
9396.035599924651,0.0
3402.0355999246513,0.0
961.9909587492857,0.0
961.9909587492857,0.0
1064.6446411753564,0.0
1064.6446411753564,0.0
1064.6446411753564,0.0
0.0,0.0
0.0,0.0
0.0,0.0
0.0,0.0
0.0,0.0
0.0,0.0
0.0,0.0
0.0,0.0
0.0,0.0
0.0,0.0
0.0,0.0
