Lignite,Coal,Gas,WindOnshore,WindOffshore,PVGround,PVRoof
12406.509089741234,0.0,18987.360000070712,111018.18183961039,0.0,38575.05026805175,0.0
