PumpedStor,BatteryStor
0.0,0.0
6209.203805370264,0.0
12418.407610740527,0.0
15856.165353014756,0.0
16681.22721116057,0.0
16879.242057115567,0.0
16926.765620144764,0.0
16938.171275271772,0.0
16940.908632502254,0.0
16941.56559823757,0.0
14549.644653290961,0.0
15457.829400298364,0.0
16585.626582508638,0.0
16856.297906239102,0.0
16921.259023934414,0.0
16936.849692181288,0.0
11721.960437793161,0.0
3593.3973056144205,0.0
0.0,0.0
0.0,0.0
0.0,0.0
0.0,0.0
0.0,0.0
0.0,0.0
