PumpedStor,BatteryStor
8170.005007066136,0.0
8170.005007066136,0.0
8170.005007066136,0.0
4523.365450360827,0.0
1085.607708086598,0.0
260.5458499407832,0.0
62.53100398578681,0.0
15.007440956589562,0.0
3.601785829581786,0.0
0.8644285990994831,0.0
0.0,0.0
1194.9799302728989,0.0
1483.94366080299,0.0
356.14647859271645,0.0
85.47515486225166,0.0
20.514037166940398,0.0
0.0,0.0
0.0,0.0
0.0,0.0
0.0,0.0
0.0,0.0
0.0,0.0
0.0,0.0
0.0,0.0
