Lignite,Coal,Gas,WindOnshore,WindOffshore,PVGround,PVRoof
7800.877584055421,0.0,13528.592527450572,104538.21578363504,164706.84067985186,9546.716869668639,0.0
