Lignite,Coal,Gas,WindOnshore,WindOffshore,PVGround,PVRoof
723.6305391835849,0.0,2772.940024012224,8044.640908098669,0.0,0.0,0.0
