Lignite,Coal,Gas,WindOnshore,WindOffshore,PVGround,PVRoof
19086.981638029592,0.0,12550.137312016013,100326.03664474162,0.0,0.0,0.0
