Lignite,Coal,Gas,WindOnshore,WindOffshore,PVGround,PVRoof
0.0,0.0,5952.075710211745,12797.86556228098,0.0,5449.9504777837,0.0
