Lignite,Coal,Gas,WindOnshore,WindOffshore,PVGround,PVRoof
2255.672033023736,0.0,1218.81475748194,5971.620227038183,0.0,0.0,0.0
